Session,TeamID,TeamSize,TeamCongruence,TeamCoverage,effortMax,effortMean,TeamEffort,CI,SkillMax,SkillMean
Bots In Groups C2 - Group 1,26003,3,0.9305,0.3333,13,6,18,8,0.2917,0.1111
Bots In Groups C2 - Group 2,26004,3,0.908,0.5,9,6,18,11,0.2083,0.1389
Bots In Groups C2 - Group 3,26005,3,0.8661,0.2083,7,4,12,5,0.1667,0.0695
Bots In Groups C3 - Group 1,26006,3,-0.5,0.1667,4,3.3333,10,4,0.0833,0.0556
Bots In Groups C3 - Group 2,26007,3,0.8169,0.4167,10,6,18,10,0.2083,0.1389
Bots In Groups C3 - Group 3,26008,3,0.982,0.2083,5,3,9,5,0.125,0.0694
Bots In Groups C3 - Group 4,26009,4,0.9248,0.4583,10,6,24,11,0.2083,0.1146
Bots In Groups C4 - Group 2,26010,3,0.9484,0.5417,10,7.3333,22,12,0.25,0.1667
Bots In Groups C4 - Group 3,26011,3,0.9177,0.5,8,5.6667,17,10.5,0.25,0.1528
Bots In Groups C4 - Group 4,26012,3,0.9935,0.2917,6,3.3333,10,6,0.125,0.0833
Bots In Groups C5 - Group 1,26013,3,0.5961,0.3333,6,5,15,7.5,0.2083,0.1111
Bots In Groups C5 - Group 2,26014,3,0.7562,0.5,11,9,27,12,0.25,0.1667
Bots In Groups C5 - Group 3,26015,3,0.6286,0.2917,8,4.3333,13,7,0.125,0.0972
Bots In Groups C5 - Group 4,26016,3,0.9449,0.2083,4,2.3333,7,4,0.1667,0.0556
Bots In Groups C5 - Group 5,26017,3,0.6552,0.125,4,2.6667,8,3,0.0833,0.0417
Bots In Groups C5 - Group 6,26018,3,0.7561,0.25,5,3.6667,11,4,0.125,0.0556
Bots In Groups C6 - Group 1,26019,3,0.2409,0.2917,6,4.3333,13,7,0.125,0.0833
Bots In Groups C6 - Group 2,26020,3,0.9898,0.2917,9,6,18,7,0.1667,0.0972
Bots In Groups C6 - Group 3,26021,3,0.9448,0.625,9,7,21,13.5,0.3333,0.1944
Bots In Groups C6 - Group 4,26022,3,0.7555,0.4167,7,5.3333,16,7,0.1667,0.0972
Bots In Groups C7 JPH - Group 1,26023,3,0.573,0.5417,9,6.6667,20,11.5,0.25,0.1528
Bots In Groups C7 JPH - Group 2,26024,3,0.9608,0.2917,6,3,9,7,0.1667,0.0972
Bots In Groups C7 JPH - Group 3,26025,3,0.6939,0.25,9,5,15,5.5,0.125,0.0833
Bots In Groups C7 JPH - Group 4,26026,3,0.9819,0.5833,14,9,27,13,0.2917,0.1806
Bots In Groups C7 JPH - Group 5,26027,3,0,0.6667,10,8,24,15,0.2083,0.1944
Bots In Groups C8 JPH - Group 1,26028,3,0.9762,0.3333,7,4,12,6.5,0.2083,0.0972
Bots In Groups C8 JPH - Group 2,26029,3,0.9897,0.4583,13,7.6667,23,9,0.2083,0.125
Bots In Groups C8 JPH - Group 3,26030,3,0.8662,0.2083,6,3,9,5,0.125,0.0694
Bots In Groups C8 JPH - Group 4,26031,3,0.9707,0.4167,6,4.3333,13,9.5,0.2083,0.1389
Bots In Groups C8 JPH - Group 5,26032,4,0.9563,0.3333,5,3,12,7,0.1667,0.0729
Bots In Groups C9 JPH - Group 1,26033,3,0.8572,0.4583,9,6.3333,19,11,0.25,0.1528
Bots In Groups C9 JPH - Group 2,26034,3,0.9995,0.3333,7,3.6667,11,8,0.2083,0.1111
Bots In Groups C9 JPH - Group 3,26035,3,0.6935,0.3333,5,4,12,6,0.1667,0.0695
Bots In Groups C9 JPH - Group 4,26036,3,0,0.1667,4,3,9,4,0.0833,0.0556
Bots In Groups C9 JPH - Group 5,26037,3,0.9707,0.2083,7,3.6667,11,5,0.1667,0.0695
CLG 8 -- Session 1 - Group 1,7001,8,0.9286,0.4167,5,1.875,15,9,0.125,0.0417
CMU_2012_A01 - Group 1,4001,4,0.5575,0.4583,11,6.5,26,8.5,0.2917,0.0938
CMU_2012_A02 - Group 1,4002,4,0.7951,0.4167,8,4.5,18,8.5,0.25,0.0938
CMU_2012_A03 - Group 1,4003,4,0.9484,0.25,8,3.25,13,6,0.125,0.0625
CMU_2012_A04 - Group 1,4004,3,0.7561,0.2083,7,3.6667,11,5,0.125,0.0694
CMU_2012_A05 - Group 1,4005,3,0.6547,0.375,7,5.3333,16,9,0.1667,0.125
CMU_2012_A06 - Group 1,4006,4,0.9486,0.25,5,3,12,6,0.125,0.0625
CMU_2012_A07 - Group 1,4007,2,1,0.25,8,6,12,5.5,0.1667,0.125
CMU_2012_A08 - Group 1,4008,4,0.9506,0.2917,7,3.25,13,7,0.1667,0.0729
CMU_2012_A09 - Group 1,4009,4,0.8657,0.25,7,3,12,4,0.0833,0.0417
CMU_2012_A10 - Group 1,4010,4,0.3333,0.2917,5,3.5,14,6,0.0833,0.0625
CMU_2012_A11 - Group 1,4011,4,0.4904,0.2083,6,2.75,11,4,0.0833,0.0417
CMU_2012_A12 - Group 1,4012,4,0.9207,0.375,7,4.25,17,8,0.125,0.0833
CMU_2012_A13 - Group 1,4013,3,1,0.2083,7,4.3333,13,2.5,0.125,0.0417
CMU_2012_A14 - Group 1,4014,4,0.9935,0.25,8,2.75,11,6,0.2083,0.0625
CMU_2012_A15 - Group 1,4015,5,0.3835,0.1667,8,3,15,4,0.0417,0.0334
CMU_2012_A16 - Group 1,4016,4,0.674,0.1667,3,1.5,6,3,0.0833,0.0312
CMU_2012_A17 - Group 1,4017,5,0.7984,0.3333,5,3.4,17,8,0.1667,0.0667
CMU_2012_A18 - Group 1,4018,2,1,0.1667,13,6.5,13,1,0.0417,0.0209
CMU_2012_B01 - Group 1,4019,4,0.9692,0.4583,13,5.5,22,6.5,0.2083,0.0729
CMU_2012_B02 - Group 1,4020,4,0.9288,0.375,10,4.25,17,6.5,0.125,0.0625
CMU_2012_B03 - Group 1,4021,4,0.4714,0.2917,4,3,12,6,0.125,0.0625
CMU_2012_B04 - Group 1,4022,4,0.9574,0.1667,6,2,8,4,0.125,0.0417
CMU_2012_B05 - Group 1,4023,4,0.5292,0.2917,8,5,20,7,0.1667,0.0729
CMU_2012_B06 - Group 1,4024,5,0.5145,0.3333,4,2.8,14,6.5,0.125,0.0584
CMU_2012_B07 - Group 1,4025,3,0.9632,0.2917,9,5.3333,16,5.5,0.125,0.0694
CMU_2012_B08 - Group 1,4026,4,0.8163,0.25,8,4.5,18,4,0.0833,0.0417
CMU_2012_B09 - Group 1,4027,4,0.9156,0.4167,7,4.25,17,9.5,0.2083,0.1042
CMU_2012_B10 - Group 1,4028,4,0.9963,0.3333,8,2.5,10,6.5,0.2083,0.0729
CMU_2012_B11 - Group 1,4029,3,0.2403,0.25,6,4,12,5,0.1667,0.0695
CMU_2012_B12 - Group 1,4030,4,0.9999,0.4583,12,4.25,17,9.5,0.2917,0.1042
CMU_2012_B13 - Group 1,4031,5,0.8963,0.1667,5,2,10,4,0.0833,0.0333
CMU_2012_B14 - Group 1,4032,4,-1,0.2917,5,3.5,14,7,0.0833,0.0729
CMU_2012_B15 - Group 1,4033,4,0.7609,0.2083,4,2.75,11,3,0.0833,0.0312
CMU_2012_B16 - Group 1,4034,4,0.4994,0.1667,3,2,8,4,0.0833,0.0417
CMU_2012_B17 - Group 1,4035,4,0.7004,0.25,6,2.75,11,5,0.125,0.0521
CMU_2012_B18 - Group 1,4036,3,0.9177,0.3333,7,4.3333,13,6,0.25,0.0833
CMU_2012_C01 - Group 1,4037,4,0.8345,0.2917,8,4.25,17,6,0.125,0.0625
CMU_2012_C02 - Group 1,4038,4,0.9377,0.3333,7,3,12,6.5,0.2083,0.0729
CMU_2012_C03 - Group 1,4039,4,0.8341,0.25,5,2.5,10,5,0.125,0.0521
CMU_2012_C04 - Group 1,4040,4,0.6882,0.375,6,4.75,19,7.5,0.125,0.0834
CMU_2012_C05 - Group 1,4041,3,0.9177,0.375,8,4.6667,14,8,0.2083,0.0972
CMU_2012_C06 - Group 1,4042,4,0.3235,0.375,11,5.5,22,6,0.125,0.0625
CMU_2012_C07 - Group 1,4043,4,0.5915,0.25,7,3.75,15,5,0.0833,0.0521
CMU_2012_C08 - Group 1,4044,4,0.5775,0.2917,12,5.25,21,5.5,0.2083,0.0625
CMU_2012_C09 - Group 1,4045,4,0.0266,0.8333,13,6,24,7,0.2083,0.0729
CMU_2012_C10 - Group 1,4046,,0,0.1667,4,2.25,9,0,0,0
CMU_2012_C11 - Group 1,4047,4,0.3333,0.125,4,2.5,10,2,0.0417,0.0209
CMU_2012_C12 - Group 1,4048,4,0.899,0.2917,9,3.75,15,2.5,0.0833,0.0312
CMU_2012_C13 - Group 1,4049,4,0.9967,0.4167,11,3.5,14,10,0.2917,0.0938
CMU_2012_C14 - Group 1,4050,4,0.9638,0.3333,10,3.5,14,8,0.2917,0.0834
CMU_2012_C15 - Group 1,4051,4,-0.5774,0.2083,5,3,12,3,0.0417,0.0313
CMU_2012_C16 - Group 1,4052,4,0.8162,0.4167,6,3.5,14,7.5,0.1667,0.0834
CMU_2012_C17 - Group 1,4053,4,0.8701,0.1667,8,4.25,17,4,0.0833,0.0416
CMU_2012_C18 - Group 1,4054,4,0.6283,0.2917,4,3,12,7,0.125,0.0729
CMU_2012_F01 - Group 1,4055,3,0.9707,0.3333,7,4.6667,14,6.5,0.2083,0.0972
CMU_2012_F02 - Group 1,4056,4,0.7276,0.3333,6,3.75,15,6.5,0.125,0.0625
CMU_2012_F03 - Group 1,4057,4,0.8704,0.3333,7,3.75,15,6,0.0833,0.0625
CMU_2012_F04 - Group 1,4058,4,0.9761,0.25,5,2.5,10,6,0.125,0.0625
CMU_2012_F05 - Group 1,4059,5,0.8873,0.2083,8,3,15,5,0.1667,0.0417
CMU_2012_F06 - Group 1,4060,4,0.705,0.4167,10,4.75,19,5,0.125,0.0521
CMU_2012_F07 - Group 1,4061,4,0.9859,0.4583,11,5,20,9,0.25,0.0938
CMU_2012_F08 - Group 1,4062,4,0.5556,0.2917,5,3.75,15,5,0.0833,0.0521
CMU_2012_F09 - Group 1,4063,4,0.3662,0.125,10,3,12,3,0.0833,0.0312
CMU_2012_F10 - Group 1,4064,2,0,0.2083,4,4,8,5,0.125,0.1041
CMU_2012_F11 - Group 1,4065,4,0.8791,0.5417,10,5.75,23,11.5,0.2917,0.125
CMU_2012_F12 - Group 1,4066,4,0.9891,0.2083,6,2.75,11,5,0.125,0.0521
CMU_2012_F13 - Group 1,4067,3,0.9948,0.25,9,3.3333,10,3,0.125,0.0417
CMU_2012_F14 - Group 1,4068,4,0.5601,0.3333,5,3.25,13,5.5,0.0833,0.0521
CMU_2012_F15 - Group 1,4069,4,0.9129,0.3333,7,3,12,5.5,0.125,0.0625
CMU_2012_F16 - Group 1,4070,5,0.7172,0.25,8,3,15,6,0.0833,0.05
CMU_2012_F17 - Group 1,4071,4,0.952,0.3333,8,3.5,14,7,0.125,0.0729
CMU MBA Fall2014 A1 - Group 1,5001,5,-0.2643,0.2083,7,2.8,14,4,0.0833,0.0333
CMU MBA Fall2014 A10 T2 - Group 1,5010,4,0.9808,0.4167,8,4.5,18,7.5,0.125,0.0729
CMU MBA Fall2014 A11 - Group 1,5011,4,0.9156,0.3333,8,4.75,19,5.5,0.2083,0.0625
CMU MBA Fall2014 A12 T2 - Group 1,5012,4,0.9879,0.25,5,2.75,11,6,0.125,0.0625
CMU MBA Fall2014 A13 - Group 1,5013,4,0.934,0.4167,8,4.75,19,8.5,0.2083,0.0937
CMU MBA Fall2014 A15 - Group 1,5014,4,0.9669,0.4583,11,4.75,19,7.5,0.2083,0.0833
CMU MBA Fall2014 A2 T2 - Group 1,5002,5,0.9458,0.2917,6,2,10,7,0.2083,0.0583
CMU MBA Fall2014 A3 - Group 1,5003,5,0.8861,0.2917,5,2,10,7,0.125,0.0583
CMU MBA Fall2014 A4 T2 - Group 1,5004,5,0.9811,0.5417,18,5.2,26,11.5,0.2917,0.0917
CMU MBA Fall2014 A5 - Group 1,5005,5,0.9522,0.5417,8,4,20,10.5,0.2083,0.0917
CMU MBA Fall2014 A6 T2 - Group 1,5006,5,0.6996,0.2083,5,2.4,12,4.5,0.125,0.0333
CMU MBA Fall2014 A7 - Group 1,5007,5,0.866,0.375,9,3.2,16,7,0.2083,0.0583
CMU MBA Fall2014 A8 T2 - Group 1,5008,5,0.6164,0.25,5,2.4,12,6,0.125,0.05
CMU MBA Fall2014 A9 - Group 1,5009,5,0.9781,0.25,11,3.4,17,5,0.1667,0.0417
CMU MBA Fall2014 B1 T2 - Group 1,5015,5,0.9103,0.3333,4,2.2,11,6,0.125,0.05
CMU MBA Fall2014 B10 - Group 1,5024,5,0.8465,0.375,11,4,20,7,0.125,0.0583
CMU MBA Fall2014 B11 T2 - Group 1,5025,5,0.5601,0.4167,7,4,20,10,0.25,0.0833
CMU MBA Fall2014 B12 - Group 1,5026,5,0.9915,0.2083,9,2.2,11,5,0.2083,0.0417
CMU MBA Fall2014 B13 T2 - Group 1,5027,5,0.7497,0.25,4,2.2,11,6,0.125,0.05
CMU MBA Fall2014 B14 - Group 1,5028,5,0.9427,0.4583,6,3,15,9,0.2083,0.075
CMU MBA Fall2014 B15 T2 - Group 1,5029,4,0.9901,0.5,23,8.25,33,9.5,0.3333,0.1041
CMU MBA Fall2014 B2 - Group 1,5016,5,0.7634,0.25,6,2.4,12,6,0.0833,0.05
CMU MBA Fall2014 B3 T2 - Group 1,5017,4,0.8126,0.375,11,5.5,22,9,0.2917,0.0938
CMU MBA Fall2014 B4 - Group 1,5018,5,0.724,0.25,5,2.6,13,6,0.0833,0.05
CMU MBA Fall2014 B5 T2 - Group 1,5019,5,0.6995,0.2917,7,3.6,18,6,0.125,0.05
CMU MBA Fall2014 B6 - Group 1,5020,5,0.5274,0.2917,5,3,15,7,0.0833,0.0583
CMU MBA Fall2014 B7 T2 - Group 1,5021,3,1,0.3333,8,4,12,6,0.1667,0.0833
CMU MBA Fall2014 B8 - Group 1,5022,5,0.9614,0.4167,12,3.8,19,10,0.2917,0.0833
CMU MBA Fall2014 B9 T2 - Group 1,5023,5,0.9053,0.3333,14,5.6,28,7,0.1667,0.0583
CMU MBA Fall2014 C1 - Group 1,5030,5,0.9688,0.25,8,2.8,14,4.5,0.125,0.0417
CMU MBA Fall2014 C11 - Group 1,5038,4,-0.317,0.2083,8,5,20,4,0.0833,0.0417
CMU MBA Fall2014 C12 T2 - Group 1,5039,4,0.9984,0.375,8,4.5,18,6.5,0.125,0.0729
CMU MBA Fall2014 C13 - Group 1,5040,4,0.7449,0.4167,9,4.75,19,8.5,0.2083,0.0833
CMU MBA Fall2014 C14 T2 - Group 1,5041,3,0.9993,0.4583,16,8,24,6.5,0.1667,0.0695
CMU MBA Fall2014 C15 - Group 1,5042,4,0.8704,0.2917,5,3.75,15,7,0.125,0.0625
CMU MBA Fall2014 C2 T2 - Group 1,5031,5,0.6344,0.5833,15,5.6,28,12.5,0.2083,0.1083
CMU MBA Fall2014 C3 - Group 1,5032,4,0.8416,0.4167,13,5.5,22,9,0.25,0.0938
CMU MBA Fall2014 C5 - Group 1,5034,5,0.3121,0.1667,7,2.8,14,4,0.0833,0.0333
CMU MBA Fall2014 C7 - Group 1,5035,5,0.7737,0.4167,7,4.2,21,8.5,0.125,0.075
CMU MBA Fall2014 C8 T2 - Group 1,5036,4,0.9983,0.7083,17,5.75,23,15.5,0.4583,0.1562
CMU MBA Fall2015 1 - Group 1,6001,4,0.9509,0.25,9,3.25,13,5,0.2083,0.0521
CMU MBA Fall2015 10 - Group 1,6002,5,0.5539,0.2083,5,3,15,5,0.1667,0.0417
CMU MBA Fall2015 11 - Group 1,6003,5,0.9209,0.3333,6,3.4,17,7,0.125,0.0583
CMU MBA Fall2015 12 - Group 1,6004,5,0.8503,0.25,7,3.6,18,5,0.125,0.0417
CMU MBA Fall2015 13 - Group 1,6005,5,0.7558,0.5417,5,3.4,17,9.5,0.1667,0.0833
CMU MBA Fall2015 14 - Group 1,6006,5,0.9479,0.3333,11,4.8,24,7,0.125,0.0583
CMU MBA Fall2015 15 - Group 1,6007,4,0.999,0.2917,8,3.75,15,6,0.1667,0.0625
CMU MBA Fall2015 16 - Group 1,6008,4,0.9223,0.4167,7,3.5,14,9,0.1667,0.0938
CMU MBA Fall2015 17 - Group 1,6009,4,0.7816,0.5,10,5.25,21,10,0.25,0.1042
CMU MBA Fall2015 18 - Group 1,6010,4,0.111,0.2083,9,3.5,14,4,0.0833,0.0417
CMU MBA Fall2015 19 - Group 1,6011,5,0.3714,0.1667,6,3.2,16,4,0.125,0.0333
CMU MBA Fall2015 2 - Group 1,6012,5,0.6747,0.3333,10,4.2,21,7,0.125,0.0583
CMU MBA Fall2015 20 - Group 1,6013,5,0.5867,0.375,8,4,20,7.5,0.1667,0.0667
CMU MBA Fall2015 21 - Group 1,6014,5,0.3424,0.4583,7,4.2,21,9,0.125,0.075
CMU MBA Fall2015 22 - Group 1,6015,5,0.3953,0.375,5,4,20,7.5,0.125,0.0584
CMU MBA Fall2015 23 - Group 1,6016,5,0.9568,0.3333,9,4.6,23,5.5,0.1667,0.05
CMU MBA Fall2015 24 - Group 1,6017,5,0.9893,0.375,14,4.4,22,9,0.1667,0.075
CMU MBA Fall2015 25 - Group 1,6018,5,0.9179,0.5417,11,4.8,24,8,0.1667,0.0667
CMU MBA Fall2015 26 - Group 1,6019,5,0.6369,0.2917,5,3.2,16,4,0.125,0.0333
CMU MBA Fall2015 27 - Group 1,6020,5,0.423,0.2083,5,3,15,4.5,0.0833,0.0333
CMU MBA Fall2015 28 - Group 1,6021,5,0.925,0.3333,9,3.2,16,6.5,0.1667,0.0584
CMU MBA Fall2015 29 - Group 1,6022,5,0.8448,0.6667,14,6.8,34,11.5,0.3333,0.1
CMU MBA Fall2015 3 - Group 1,6023,5,0.8498,0.375,8,3.4,17,7,0.0833,0.0583
CMU MBA Fall2015 30 - Group 1,6024,4,0.9321,0.5,10,4.25,17,10.5,0.2083,0.1042
CMU MBA Fall2015 31 - Group 1,6025,4,0.8781,0.2917,6,3.25,13,6,0.125,0.0625
CMU MBA Fall2015 32 - Group 1,6026,4,0.9477,0.25,10,4.5,18,6,0.125,0.0625
CMU MBA Fall2015 33 - Group 1,6027,5,0.686,0.3333,6,2.8,14,8,0.2083,0.0667
CMU MBA Fall2015 34 - Group 1,6028,5,0.8109,0.375,6,3.2,16,9,0.2083,0.075
CMU MBA Fall2015 35 - Group 1,6029,5,0.898,0.4583,8,4.4,22,11,0.2083,0.0917
CMU MBA Fall2015 36 - Group 1,6030,5,0.9994,0.5,11,3.2,16,11.5,0.3333,0.1
CMU MBA Fall2015 37 - Group 1,6031,5,0.3413,0.2917,7,3.8,19,6,0.0833,0.05
CMU MBA Fall2015 38 - Group 1,6032,5,0.8524,0.5833,6,4.4,22,11,0.2083,0.0917
CMU MBA Fall2015 39 - Group 1,6033,5,0.986,0.375,7,4,20,8.5,0.125,0.075
CMU MBA Fall2015 4 - Group 1,6034,5,0.1021,0.3333,4,3.4,17,7,0.0833,0.0583
CMU MBA Fall2015 40 - Group 1,6035,5,0.8651,0.375,10,4.2,21,6,0.1667,0.05
CMU MBA Fall2015 41 - Group 1,6036,5,0.8547,0.2083,7,2.6,13,5,0.1667,0.0417
CMU MBA Fall2015 42 - Group 1,6037,5,0.6866,0.3333,4,3.4,17,7,0.125,0.0583
CMU MBA Fall2015 43 - Group 1,6038,5,0.9644,0.25,5,2.4,12,5,0.0833,0.0417
CMU MBA Fall2015 5 - Group 1,6039,5,0.37,0.4167,8,4.8,24,8,0.125,0.0667
CMU MBA Fall2015 6 - Group 1,6040,5,0.9269,0.375,6,3.6,18,7.5,0.125,0.0667
CMU MBA Fall2015 7 - Group 1,6041,5,0.9569,0.375,9,3.4,17,8,0.25,0.0667
CMU MBA Fall2015 8 - Group 1,6042,5,0.9904,0.625,15,4.8,24,14.5,0.5,0.125
CMU MBA Fall2015 9 - Group 1,6043,5,0.6698,0.4583,6,3.6,18,8,0.1667,0.0667
T1 Session 01 - Group 1,29001,,0,0,1,0.5,1,0,0,0
T1 Session 06 - Group 1,29002,2,0,0.1667,3,2.5,5,4,0.0833,0.0833
T1T2 Session 01 - Group 1,29003,4,0.9891,0.375,7,3.75,15,9,0.1667,0.0938
T1T2 Session 02 - Group 1,29004,3,0.5,0.375,7,6.6667,20,7,0.125,0.0972
T1T2 Session 02.2 T1 - Group 1,29005,2,1,0.4167,9,7.5,15,9.5,0.25,0.2083
T1T2 Session 02b - Group 1,29006,3,0.9539,0.2917,8,5.6667,17,4,0.125,0.0556
T1T2 Session 02c - Group 1,29007,3,0.9448,0.2083,5,3.6667,11,5,0.125,0.0694
T1T2 Session 03 - Group 1,29008,2,-1,0.2917,9,8,16,7,0.1667,0.125
T1T2 Session 04 - Group 1,29010,4,0.4937,0.3333,6,4.25,17,7,0.1667,0.073
T1T2 Session 04b - Group 1,29011,4,0.9974,0.2917,6,2.75,11,6.5,0.1667,0.0729
T1T2 Session 04c - Group 1,29012,3,0.5,0.2083,6,4.6667,14,4,0.0833,0.0555
T1T2 Session 11.1 T1 - Group 1,29014,2,1,0.3333,6,4,8,7.5,0.25,0.1666
T1T2 Session 20.1 T1 - Group 1,29019,2,1,0.25,6,3.5,7,5,0.1667,0.1042
T1T2 Session 22.1 T1 - Group 1,29021,3,0.9177,0.375,9,6,18,9,0.25,0.125
T1T2 Session 24.1 T1 - Group 1,29023,4,0.8452,0.25,4,2.25,9,6,0.1667,0.0625
T1T2 Session 28.1 T1 - Group 1,29027,2,1,0.2917,9,5.5,11,5,0.1667,0.1042
T1T2 Session 29.2 T1 - Group 1,29028,3,0.9707,0.2083,5,2.3333,7,5,0.1667,0.0695
T1T2 Session 34.2 T1 - Group 1,29031,2,1,0.4167,18,9,18,9.5,0.4167,0.2084
T1T2 Session 37.2 T1 - Group 1,29033,3,-0.4389,0.3333,16,7.6667,23,7,0.125,0.0972
T1T2 Session 44.1 T1 - Group 1,29037,3,0.9995,0.3333,8,4.6667,14,8,0.2083,0.1111
Globant Session 01 - Group 1,27001,6,0.8784,0.375,6,3,18,8,0.1667,0.0556
Globant Session 02 - Group 1,27002,6,0.1391,0.4167,9,4.3333,26,8.5,0.125,0.0625
Hopkins MBA G1 T1  - Group 1,13001,4,0.5774,0.25,3,2.5,10,5,0.0833,0.0521
Hopkins MBA G10 T1 - Group 1,13002,5,0.9402,0.375,8,3.4,17,9,0.2083,0.075
Hopkins MBA G11 T1 - Group 1,13003,5,0.9546,0.4167,9,3,15,10,0.2083,0.0833
Hopkins MBA G12 T1 - Group 1,13004,4,0.9756,0.375,11,4.25,17,8,0.25,0.0833
Hopkins MBA G13 T1 - Group 1,13005,4,0.9235,0.2917,4,2.75,11,6,0.125,0.0625
Hopkins MBA G14 T1 - Group 1,13006,5,0.9253,0.2917,6,2,10,7,0.2083,0.0583
Hopkins MBA G15 T1 - Group 1,13007,5,-0.4924,0.0417,5,2.6,13,1,0.0417,0.0083
Hopkins MBA G16 T1 - Group 1,13008,4,0.5413,0.2083,7,3.25,13,5,0.125,0.0521
Hopkins MBA G17 T1 - Group 1,13009,5,0.8911,0.3333,6,2.8,14,8,0.1667,0.0667
Hopkins MBA G18 T1 - Group 1,13010,5,0.9875,0.2917,6,2.2,11,5,0.1667,0.05
Hopkins MBA G19 T1 - Group 1,13011,5,0.9976,0.4583,14,3.4,17,10,0.375,0.0833
Hopkins MBA G2 T1 - Group 1,13012,4,0.9082,0.2083,5,2.25,9,5,0.125,0.0521
Hopkins MBA G20 T1 - Group 1,13013,5,0.4646,0.25,6,2.8,14,3,0.0833,0.025
Hopkins MBA G21 T1 - Group 1,13014,5,0.995,0.5,10,3.8,19,11,0.25,0.0917
Hopkins MBA G3 T1 - Group 1,13015,4,0.4918,0.25,4,3,12,5,0.0833,0.0521
Hopkins MBA G4 T1 - Group 1,13016,4,0.8732,0.2917,6,3.75,15,6,0.125,0.0625
Hopkins MBA G5 T1 - Group 1,13017,4,0.5687,0.4167,9,4.25,17,6,0.125,0.0625
Hopkins MBA G6 T1 - Group 1,13018,4,0.1524,0.2917,6,3.75,15,7,0.125,0.0729
Hopkins MBA G7 T1 - Group 1,13019,5,0.7471,0.2083,5,3,15,3,0.0833,0.025
Hopkins MBA G8 T1 - Group 1,13020,5,0.4363,0.25,6,4,20,4.5,0.125,0.0417
Hopkins MBA G9 T1 - Group 1,13021,5,0.7048,0.375,10,4,20,8,0.125,0.05
Hopkins MBA 2016 G1 - Group 1,24001,4,0.9783,0.2917,9,4,16,7,0.125,0.0729
Hopkins MBA 2016 G10 - Group 1,24002,5,0.2192,0.375,6,3.8,19,6,0.125,0.05
Hopkins MBA 2016 G11 - Group 1,24003,5,0.9041,0.3333,5,2,10,6,0.125,0.05
Hopkins MBA 2016 G12 - Group 1,24004,5,0.8809,0.375,5,3.2,16,7.5,0.125,0.0667
Hopkins MBA 2016 G13 - Group 1,24005,5,0.6455,0.125,4,2,10,3,0.0417,0.025
Hopkins MBA 2016 G14 - Group 1,24006,6,0.3243,0.25,10,2.5,15,4,0.0833,0.0278
Hopkins MBA 2016 G15 - Group 1,24007,5,0.9719,0.5,8,3.6,18,12,0.25,0.1
Hopkins MBA 2016 G16 - Group 1,24008,5,0.4697,0.25,3,2.2,11,5,0.125,0.0417
Hopkins MBA 2016 G17 - Group 1,24009,5,0.8095,0.25,10,3.4,17,5,0.125,0.0417
Hopkins MBA 2016 G2 - Group 1,24010,4,0.6882,0.4167,10,4.75,19,8,0.1667,0.0833
Hopkins MBA 2016 G3 - Group 1,24011,4,0.9656,0.4167,7,3.25,13,9,0.25,0.0938
Hopkins MBA 2016 G4 - Group 1,24012,4,0.7542,0.2083,6,3.5,14,5,0.125,0.0521
Hopkins MBA 2016 G5 - Group 1,24013,4,0.981,0.2083,5,2,8,5,0.125,0.0521
Hopkins MBA 2016 G6 - Group 1,24014,6,0.9049,0.4167,8,2.6667,16,10,0.1667,0.0694
Hopkins MBA 2016 G7 - Group 1,24015,5,0.4496,0.2083,6,3.4,17,4,0.125,0.0333
Hopkins MBA 2016 G8 - Group 1,24016,5,0.6394,0.4583,6,3.2,16,9,0.0833,0.075
Hopkins MBA 2016 G9 - Group 1,24017,5,0.9228,0.3333,6,3.2,16,7.5,0.1667,0.0583
CMU_Coordination in Teams_Group S006 - Group 1,28024,3,0.945,0.25,8,3.6667,11,5,0.125,0.0694
CMU_Coordination in Teams_Group S011 - Group 1,28025,3,0.7861,0.5417,10,7.3333,22,11,0.2083,0.1528
CMU_Coordination in Teams_Group S013 - Group 1,28026,3,1,0.25,6,4.3333,13,4,0.125,0.0556
CMU_Coordination in Teams_Group S014 - Group 1,28027,3,0.9912,0.25,8,3.6667,11,6,0.1667,0.0834
CMU_Coordination in Teams_Group S015 - Group 1,28028,3,0.9632,0.25,8,4.3333,13,5,0.125,0.0694
CMU_Coordination in Teams_Group S016 - Group 1,28029,3,0.9919,0.4583,9,6,18,10.5,0.25,0.1528
CMU_Coordination in Teams_Group S017 - Group 1,28030,3,0.6934,0.25,5,3.3333,10,6,0.1667,0.0834
CMU_Coordination in Teams_Group S018 - Group 1,28031,3,1,0.2917,15,5,15,7,0.2917,0.0972
CMU_Coordination in Teams_Group S019 - Group 1,28032,3,0.9986,0.5417,20,9,27,11.5,0.4167,0.1667
CMU_Coordination in Teams_Group S020 - Group 1,28033,3,0.992,0.3333,14,5,15,6,0.2083,0.0833
CMU_Coordination in Teams_Group S021 - Group 1,28034,3,0.9688,0.2917,12,5,15,6.5,0.1667,0.0972
CMU_Coordination in Teams_Group S034 - Group 1,28035,3,0.8824,0.375,14,7.3333,22,8.5,0.25,0.0972
CMU_Coordination in Teams_Group S035 - Group 1,28036,3,0.866,0.2083,7,4,12,5,0.125,0.0695
CMU_Coordination in Teams_Group S042 - Group 1,28037,3,0.9286,0.2083,10,5.6667,17,5,0.2083,0.0694
CMU_Coordination in Teams_Group S043 - Group 1,28038,3,0.9078,0.25,9,4.3333,13,6,0.2083,0.0833
McKinsey N3 G10 -- Session 1 - Group 1,15003,3,0.6624,0.3333,8,5.3333,16,7,0.1667,0.0972
McKinsey N3 G12 -- Session 1 - Group 1,15005,2,1,0.5,15,10.5,21,12,0.3333,0.25
McKinsey N3 G3 -- Session 1 - Group 1,15006,3,1,0.25,6,4,12,4,0.0833,0.0556
McKinsey N3 G6 -- Session 1 - Group 1,15007,3,1,0.125,6,3,9,3,0.0833,0.0417
McKinsey N3 G7 -- Session 1 - Group 1,15008,3,-0.8657,0.2917,6,4.6667,14,6,0.125,0.0833
McKinsey N3 G9 -- Session 1 - Group 1,15009,3,0.982,0.2083,6,3,9,5,0.125,0.0694
McKinsey N4 G11 -- Session 1 - Group 1,15010,4,0.7724,0.375,8,4.25,17,6,0.1667,0.0625
McKinsey N4 G5 -- Session 1 - Group 1,15011,4,0.9943,0.3333,9,4.75,19,7,0.1667,0.0729
McKinsey N6 G4 -- Session 1 - Group 1,15012,5,0.7871,0.375,7,3.8,19,8,0.125,0.0583
coex002 - Group 1,8001,2,1,0.2083,10,5,10,5,0.2083,0.1042
coex003 copy - Group 1,8002,2,-1,0.25,6,5.5,11,5.5,0.1667,0.125
cx004 - Group 1,8003,2,1,0.3333,8,6,12,6.5,0.2083,0.1458
cx005 - Group 1,8004,2,0,0.5417,10,9.5,19,12.5,0.25,0.25
cx006 - Group 1,8005,2,1,0.3333,7,6.5,13,7.5,0.2083,0.1667
cx007 - Group 1,8006,2,1,0.125,4,3,6,3,0.125,0.0625
cx008 - Group 1,8007,2,1,0.2083,8,5,10,5,0.2083,0.1042
cx009 - Group 1,8008,2,1,0.25,5,3.5,7,5,0.1667,0.1042
cx010 - Group 1,8009,2,0,0.1667,5,4,8,4,0.0833,0.0833
cx012 - Group 1,8010,2,1,0.25,7,5,10,6,0.1667,0.125
cx013 - Group 1,8011,2,1,0.2083,11,5.5,11,4,0.1667,0.0833
cx014 - Group 1,8012,2,1,0.25,14,7,14,5.5,0.25,0.125
cx015 - Group 1,8013,2,1,0.2083,7,4,8,5,0.2083,0.1042
cx016 - Group 1,8014,2,1,0.2083,6,3,6,5,0.2083,0.1042
cx017 - Group 1,8015,2,-1,0.25,8,7,14,6,0.2083,0.125
cx018 - Group 1,8016,2,1,0.25,5,4.5,9,6,0.1667,0.125
cx019 - Group 1,8017,2,1,0.375,14,8.5,17,7.5,0.25,0.1666
cx020 - Group 1,8018,2,1,0.5,25,12.5,25,10.5,0.4583,0.2291
cx021 - Group 1,8019,2,1,0.3333,10,7,14,6.5,0.2083,0.1458
cx022 - Group 1,8020,2,1,0.4583,21,10.5,21,9.5,0.4167,0.2084
cx023 - Group 1,8021,2,1,0.25,7,4.5,9,5,0.2083,0.1042
cx024 - Group 1,8022,2,0,0.25,3,3,6,5,0.125,0.1041
cx025 - Group 1,8023,2,1,0.2083,7,4,8,5,0.2083,0.1042
cx026 - Group 1,8024,2,1,0.2917,18,9,18,6,0.25,0.125
cx027 - Group 1,8025,2,1,0.2917,9,6,12,6.5,0.2083,0.1458
cx028 - Group 1,8026,2,0,0.2083,8,5,10,4,0.0833,0.0833
cx030 - Group 1,8027,2,0,0.25,5,4,8,6,0.125,0.125
cx031 - Group 1,8028,2,1,0.25,5,4,8,6,0.1667,0.125
cx032 - Group 1,8029,2,1,0.3333,13,7,14,7.5,0.2917,0.1667
cx033 - Group 1,8030,2,-1,0.2083,9,6.5,13,4,0.125,0.0834
cx034 - Group 1,8031,2,1,0.1667,6,5,10,2.5,0.125,0.0625
cx035 - Group 1,8032,2,1,0.125,4,3.5,7,1,0.0417,0.0209
cx036 - Group 1,8033,2,1,0.1667,8,5,10,4,0.1667,0.0833
cx037 - Group 1,8034,2,1,0.25,7,4,8,5,0.2083,0.1042
cx038 - Group 1,8035,2,1,0.25,6,4.5,9,5,0.125,0.1041
cx039 - Group 1,8036,2,1,0.3333,12,6.5,13,7.5,0.2917,0.1667
cx040 - Group 1,8037,2,0,0.2083,7,4.5,9,4,0.0833,0.0833
cx041 - Group 1,8038,2,1,0.2083,9,4.5,9,5,0.2083,0.1042
cx042 - Group 1,8039,2,1,0.25,11,5.5,11,5,0.2083,0.1042
cx043 - Group 1,8040,2,1,0.2083,10,6,12,5,0.1667,0.1042
cx044 - Group 1,8041,2,1,0.1667,5,3,6,2,0.0833,0.0416
cx045 - Group 1,8042,2,1,0.2917,12,6.5,13,6,0.25,0.125
cx046 - Group 1,8043,2,1,0.25,6,5,10,6,0.1667,0.125
cx047 - Group 1,8044,2,1,0.2083,8,6,12,5,0.125,0.1041
cx048 - Group 1,8045,2,1,0.2083,9,4.5,9,5,0.2083,0.1042
cx049 - Group 1,8046,2,0,0.25,6,6,12,4,0.1667,0.0833
cx050 - Group 1,8047,2,0,0.25,6,5.5,11,6,0.125,0.125
cx051 - Group 1,8048,2,0,0.125,5,3.5,7,2,0.0417,0.0417
cx052 - Group 1,8049,2,1,0.1667,5,3,6,4,0.125,0.0834
cx053 - Group 1,8050,2,1,0.2917,12,6.5,13,7,0.2917,0.1459
cx054 - Group 1,8051,2,0,0.2917,6,6,12,7,0.1667,0.1458
cx055 - Group 1,8052,2,1,0.125,3,2,4,3,0.125,0.0625
cx056 - Group 1,8053,2,1,0.4583,12,6.5,13,10.5,0.4167,0.2292
cx057 - Group 1,8054,2,1,0.2917,14,7,14,6.5,0.2917,0.1459
cx058 - Group 1,8055,2,1,0.2083,14,8.5,17,5,0.125,0.1041
cx059 - Group 1,8056,2,-1,0.2083,4,3.5,7,5,0.125,0.1041
cx060 - Group 1,8057,2,1,0.4167,6,5,10,8.5,0.25,0.1875
cx061 - Group 1,8058,2,1,0.25,8,4,8,6,0.25,0.125
cx062 - Group 1,8059,2,1,0.3333,6,5,10,8,0.2083,0.1667
cx063 - Group 1,8060,2,1,0.1667,5,3.5,7,3,0.0833,0.0625
cx066 - Group 1,8061,2,1,0.2917,7,5.5,11,5.5,0.1667,0.125
cx067 - Group 1,8062,2,1,0.25,10,5.5,11,5,0.2083,0.1042
cx068 - Group 1,8063,2,1,0.2083,8,4.5,9,5,0.1667,0.1042
cx069 - Group 1,8064,2,-1,0.2917,12,8.5,17,6,0.1667,0.125
cx070 - Group 1,8065,2,1,0.25,6,5.5,11,5,0.1667,0.1042
cx071 - Group 1,8066,2,1,0.2083,4,3,6,5,0.125,0.0834
cx072 - Group 1,8067,2,0,0.125,4,4,8,2.5,0.0833,0.0625
cx073 - Group 1,8068,2,1,0.25,6,4,8,3,0.125,0.0625
cx074 - Group 1,8069,2,1,0.25,8,5,10,6,0.2083,0.125
cx075 - Group 1,8070,2,1,0.25,6,4.5,9,5,0.2083,0.1042
cx076 - Group 1,8071,2,1,0.2083,4,2.5,5,4,0.125,0.0834
cx077 - Group 1,8072,2,1,0.1667,3,2.5,5,4,0.125,0.0834
cx078 - Group 1,8073,2,1,0.3333,12,6,12,6,0.25,0.125
cx079 - Group 1,8074,2,1,0.3333,12,8,16,7,0.2083,0.1458
cx080 - Group 1,8075,2,1,0.1667,5,4.5,9,4,0.125,0.0834
cx081 - Group 1,8076,2,1,0.2083,7,3.5,7,5,0.2083,0.1042
cx082 - Group 1,8077,2,0,0.2917,7,7,14,6.5,0.1667,0.1458
cx083 - Group 1,8078,2,1,0.3333,21,11,22,7,0.25,0.1459
cx084 - Group 1,8079,2,1,0.2917,7,4.5,9,7,0.2083,0.1458
cx085 - Group 1,8080,2,1,0.25,8,5,10,6,0.1667,0.125
cx086 - Group 1,8081,2,1,0.125,7,3.5,7,3,0.125,0.0625
cx087 - Group 1,8082,2,-1,0.125,8,6.5,13,3,0.125,0.0625
cx088 - Group 1,8083,2,1,0.125,6,4,8,2,0.0833,0.0416
cx089 - Group 1,8084,2,1,0.2917,8,5.5,11,6.5,0.2083,0.1458
cx090 - Group 1,8085,2,0,0.1667,4,3.5,7,4,0.0833,0.0833
cx091 - Group 1,8086,2,1,0.3333,7,6,12,6.5,0.1667,0.125
cx092 - Group 1,8087,2,1,0.2083,10,5.5,11,5,0.1667,0.0833
cx093 - Group 1,8088,2,1,0.3333,19,10.5,21,7.5,0.25,0.1666
cx094 - Group 1,8089,2,0,0.2917,8,7,14,6,0.125,0.125
cx095 - Group 1,8090,2,1,0.125,4,3.5,7,3,0.0833,0.0625
cx096 - Group 1,8091,2,1,0.3333,9,7,14,7,0.25,0.1459
cx097 - Group 1,8092,2,1,0.1667,8,4,8,4,0.1667,0.0833
cx098 - Group 1,8093,2,1,0.2917,8,5.5,11,6,0.1667,0.125
cx099 - Group 1,8094,2,1,0.2917,9,7.5,15,4.5,0.125,0.1041
cx100 - Group 1,8095,2,1,0.4167,9,7,14,8.5,0.2083,0.1875
cx101 - Group 1,8096,2,1,0.25,10,5,10,4,0.1667,0.0833
cx102 - Group 1,8097,2,1,0.2083,8,4,8,5,0.2083,0.1042
cx103 - Group 1,8098,2,1,0.2917,8,5,10,6.5,0.2083,0.1458
cx104 - Group 1,8099,2,1,0.125,7,4.5,9,3,0.125,0.0625
cx105 - Group 1,8100,2,1,0.25,9,5.5,11,5.5,0.25,0.125
cx106 - Group 1,8101,2,1,0.5833,13,9,18,12.5,0.4167,0.2709
cx107 - Group 1,8102,2,0,0.375,9,8,16,6,0.125,0.125
cx108 - Group 1,8103,2,-1,0.2083,6,4.5,9,3,0.0833,0.0625
cx109 - Group 1,8104,2,1,0.2917,11,6.5,13,6.5,0.2083,0.1458
cx110 - Group 1,8105,2,1,0.2083,7,5.5,11,5,0.1667,0.1042
cx111 - Group 1,8106,2,0,0.2917,6,6,12,4,0.125,0.0834
cx112 - Group 1,8107,2,0,0.1667,4,4,8,4,0.0833,0.0833
cx113 - Group 1,8108,2,1,0.0417,2,1,2,1,0.0417,0.0209
cx114 - Group 1,8109,2,0,0.25,7,6.5,13,6,0.125,0.125
cx115 - Group 1,8110,2,1,0.2917,8,4.5,9,7,0.25,0.1459
cx116 - Group 1,8111,2,1,0.2083,6,4.5,9,4,0.125,0.0834
cx117 - Group 1,8112,2,1,0.125,6,3,6,3,0.125,0.0625
cx118 - Group 1,8113,2,1,0.2917,10,6,12,7,0.2083,0.1458
cx119 - Group 1,8114,2,1,0.2917,11,7,14,6,0.2083,0.125
cx120 - Group 1,8115,2,1,0.3333,13,7.5,15,6.5,0.25,0.1459
cx121 - Group 1,8116,2,1,0.2917,11,5.5,11,5.5,0.25,0.125
cx122 - Group 1,8117,2,1,0.1667,11,6,12,4,0.1667,0.0833
cx123 - Group 1,8118,2,-1,0.2083,5,4.5,9,4,0.125,0.0834
cx124 - Group 1,8119,2,1,0.2083,9,7.5,15,5,0.1667,0.1042
cx125 - Group 1,8120,2,1,0.25,9,7.5,15,5,0.1667,0.1042
cx126 - Group 1,8121,2,0,0.3333,5,5,10,6.5,0.1667,0.1458
cx127 - Group 1,8122,2,1,0.1667,5,2.5,5,4,0.1667,0.0833
cx128 - Group 1,8123,2,0,0.25,9,9,18,5.5,0.125,0.125
cx129 - Group 1,8124,2,1,0.125,5,3,6,3,0.125,0.0625
cx130 - Group 1,8125,2,1,0.3333,8,5.5,11,7,0.2083,0.1458
cx131 - Group 1,8126,2,1,0.1667,8,4,8,4,0.1667,0.0833
cx132 - Group 1,8127,2,1,0.2083,9,6,12,5,0.1667,0.1042
cx133 - Group 1,8128,2,1,0.25,8,5.5,11,5.5,0.125,0.1041
cx134 - Group 1,8129,2,1,0.25,9,5,10,5.5,0.2083,0.125
cx135 - Group 1,8130,2,1,0.2083,11,6,12,4,0.1667,0.0833
cx136 - Group 1,8131,2,1,0.3333,9,6,12,8,0.2917,0.1667
cx137 - Group 1,8132,2,1,0.2083,5,4.5,9,5,0.125,0.1041
cx138 - Group 1,8133,2,1,0.2083,7,4.5,9,4,0.1667,0.0833
cx139 - Group 1,8134,2,1,0.25,4,3.5,7,6,0.1667,0.125
cx140 - Group 1,8135,2,1,0.25,9,4.5,9,6,0.25,0.125
cx141 - Group 1,8136,2,1,0.375,12,8,16,4.5,0.125,0.1041
cx142 - Group 1,8137,2,1,0.2083,9,5,10,5,0.1667,0.1042
cx143 - Group 1,8138,2,1,0.1667,6,5,10,3,0.0833,0.0625
cx144 - Group 1,8139,2,-1,0.2083,8,6,12,5,0.125,0.1041
cx145 - Group 1,8140,2,-1,0.1667,5,4,8,4,0.125,0.0834
cx146 - Group 1,8141,2,1,0.3333,8,6,12,8,0.2083,0.1458
cx147 - Group 1,8142,2,1,0.2083,6,3.5,7,5,0.1667,0.1042
cx148 - Group 1,8143,2,1,0.3333,17,10.5,21,7,0.1667,0.1458
cx149 - Group 1,8144,2,1,0.2083,9,6,12,4,0.125,0.0834
cx150 - Group 1,8145,2,-1,0.125,6,4,8,3,0.0833,0.0625
cx151 - Group 1,8146,2,1,0.1667,7,6.5,13,4,0.125,0.0834
cx152 - Group 1,8147,2,-1,0.2083,5,4.5,9,5,0.125,0.1041
T1T2 Crowdflower Session 1 - Group 1,20001,4,0.9933,0.375,9,4.25,17,7,0.1667,0.0729
T1T2 Crowdflower Session 11 - Group 1,20003,4,0.9365,0.25,7,4,16,5,0.125,0.0521
T1T2 Crowdflower Session 12-1 - Group 1,20004,4,0.8776,0.5,14,5.25,21,11,0.25,0.1146
T1T2 Crowdflower Session 13 - Group 1,20005,4,0.9959,0.375,8,4.25,17,6.5,0.1667,0.0729
T1T2 Crowdflower Session 15 - Group 1,20008,4,0.2582,0.25,4,2.5,10,5.5,0.125,0.0625
T1T2 Crowdflower Session 16-1 Group 3 - Group 1,20011,4,0.9566,0.1667,5,1.75,7,4,0.125,0.0417
T1T2 Crowdflower Session 17 - Group 1,20012,4,0.8962,0.4583,13,5.75,23,8.5,0.1667,0.0938
T1T2 Crowdflower Session 17 - Group 2,20013,3,0.5901,0.2083,7,3.3333,10,5,0.125,0.0694
T1T2 Crowdflower Session 19 - Group 1,20015,4,0.8678,0.3333,6,3,12,6,0.2083,0.0625
T1T2 Crowdflower Session 20-1 Group 1 - Group 1,20017,4,0.9868,0.5,11,4,16,6,0.2083,0.0625
T1T2 Crowdflower Session 21 - Group 1,20021,4,0.9899,0.4167,9,5.5,22,7.5,0.125,0.0833
T1T2 Crowdflower Session 21 - Group 2,20022,3,0.9993,0.4167,15,6.6667,20,8,0.2083,0.1111
T1T2 Crowdflower Session 21 - Group 3,20023,4,0.9199,0.375,6,3.5,14,7.5,0.125,0.0729
T1T2 Crowdflower Session 21 - Group 4,20024,4,0.7303,0.2917,6,4,16,7,0.1667,0.073
T1T2 Crowdflower Session 22-1 Group 2 - Group 1,20026,4,0.9547,0.5833,12,5,20,12.5,0.2083,0.125
T1T2 Crowdflower Session 23 - Group 1,20027,4,0.9074,0.2917,10,4,16,7,0.2083,0.0625
T1T2 Crowdflower Session 23 - Group 2,20028,4,0.9114,0.5417,8,4.5,18,7.5,0.2083,0.0729
T1T2 Crowdflower Session 24-1 Group 1 - Group 1,20029,3,0.9539,0.3333,11,5.6667,17,4.5,0.125,0.0694
T1T2 Crowdflower Session 25 - Group 1,20031,4,0.9611,0.4583,12,4.75,19,10.5,0.375,0.1146
T1T2 Crowdflower Session 25 - Group 2,20032,4,0.9964,0.5,12,4.5,18,9.5,0.2917,0.1042
T1T2 Crowdflower Session 3 - Group 1,20034,2,1,0.2083,6,3,6,5,0.2083,0.1042
T1T2 Crowdflower Session 7 - Group 1,20035,4,0.4084,0.375,9,4.75,19,9,0.1667,0.0938
T1T2 Crowdflower Session 8-1 Group 2 - Group 1,20037,2,0,0.1667,4,3.5,7,4,0.0833,0.0833
T1T2 Crowdflower Session 9 - Group 1,20038,4,0.8883,0.4583,9,4.75,19,9.5,0.2083,0.1042
T1T2 MTurk 01.1 - Group 1,30001,5,0.9783,0.25,4,1.8,9,5,0.0833,0.0417
T1T2 MTurk 02.2 T1 - Group 1,30002,3,1,0.25,5,3,9,6,0.1667,0.0834
T1T2 MTurk 03.1 T1 - Group 1,30003,3,0.982,0.375,8,6,18,7.5,0.125,0.1111
MTurk T1-T2 10-1 - Group 1,31001,3,0.9539,0.2917,6,3.6667,11,4.5,0.125,0.0556
MTurk T1-T2 11-1 - Group 1,31002,2,-1,0.375,22,14,28,5,0.125,0.1041
MTurk T1-T2 12-1 - Group 1,31003,3,0.8515,0.4167,15,7,21,7,0.2083,0.0972
MTurk T1-T2 4-1 - Group 1,31004,4,0.7925,0.2083,5,2.5,10,5,0.125,0.0417
MTurk T1-T2 5-1 - Group 1,31005,2,1,0.1667,8,4,8,3,0.125,0.0625
MTurk T1-T2 6-1 - Group 1,31006,3,0.8664,0.375,6,4.6667,14,6,0.125,0.0833
MTurk T1-T2 7-1 - Group 1,31007,4,-0.1873,0.4583,7,4.75,19,10,0.1667,0.1042
MTurk T1-T2 8-1 - Group 1,31008,3,0.7561,0.5,11,10,30,10,0.2083,0.1389
MTurk T1-T2 9-1 - Group 1,31009,2,1,0.5833,29,16.5,33,11,0.2917,0.2084
TMCTP 1 - Group 1,22001,4,0.9839,0.2083,10,3.25,13,4,0.1667,0.0417
TMCTP 10 - Group 1,22002,4,0.8166,0.2917,6,3,12,6.5,0.125,0.0729
TMCTP 11 - Group 1,22003,3,0.8657,0.125,2,1.3333,4,3,0.0833,0.0417
TMCTP 12 - Group 1,22004,4,0.9584,0.2083,7,2.25,9,4.5,0.1667,0.0417
TMCTP 13 - Group 1,22005,4,0.9762,0.2917,7,2.25,9,7,0.1667,0.0521
TMCTP 14 - Group 1,22006,4,0.9979,0.2917,15,4,16,6,0.25,0.0625
TMCTP 15 - Group 1,22007,4,0.9514,0.2917,6,2.75,11,6,0.1667,0.0625
TMCTP 16 - Group 1,22008,4,0.817,0.1667,3,2.5,10,4,0.0833,0.0417
TMCTP 17 - Group 1,22009,4,0.9992,0.375,11,3.25,13,8,0.2917,0.0834
TMCTP 18 - Group 1,22010,4,0.2944,0.5417,13,6.75,27,10.5,0.1667,0.1146
TMCTP 19 - Group 1,22011,4,0.9622,0.25,5,2.5,10,5,0.125,0.0521
TMCTP 2 - Group 1,22012,4,0.3336,0.375,6,5,20,8.5,0.125,0.0833
TMCTP 20 - Group 1,22013,4,0.3015,0.125,3,2.25,9,3,0.0417,0.0209
TMCTP 21 - Group 1,22014,4,0.8867,0.2917,7,4.5,18,7,0.125,0.0729
TMCTP 22 - Group 1,22015,4,0.9035,0.2917,6,4,16,7,0.1667,0.0729
TMCTP 23 - Group 1,22016,4,0.9915,0.2917,8,2.75,11,6,0.1667,0.0625
TMCTP 24 - Group 1,22017,4,-0.3906,0.3333,7,3.75,15,5.5,0.0417,0.0209
TMCTP 25 - Group 1,22018,4,0.9709,0.25,4,2.25,9,5,0.0833,0.0521
TMCTP 26 - Group 1,22019,4,0.9525,0.1667,4,1.5,6,4,0.125,0.0417
TMCTP 27 - Group 1,22020,4,0.7071,0.1667,2,1.5,6,4,0.0833,0.0417
TMCTP 28 - Group 1,22021,4,0.9984,0.2917,9,3.5,14,6,0.1667,0.0625
TMCTP 29 - Group 1,22022,4,0.9563,0.25,8,2.5,10,4,0.125,0.0417
TMCTP 3 - Group 1,22023,4,0.765,0.375,7,4.25,17,8,0.125,0.0833
TMCTP 30 - Group 1,22024,4,0.5224,0.125,2,1.5,6,3,0.0833,0.0312
TMCTP 31 - Group 1,22025,4,0.8085,0.25,5,2.5,10,6,0.1667,0.0625
TMCTP 32 - Group 1,22026,4,0.9866,0.375,9,4.75,19,8,0.2083,0.0833
TMCTP 33 - Group 1,22027,4,0.9938,0.25,7,2,8,4.5,0.1667,0.0521
TMCTP 34 - Group 1,22028,2,1,0.2083,7,4.5,9,5,0.2083,0.1042
TMCTP 35 - Group 1,22029,3,0.8664,0.25,7,3.6667,11,6,0.125,0.0833
TMCTP 36 - Group 1,22030,4,0.7547,0.1667,3,1.25,5,3,0.0833,0.0312
TMCTP 37 - Group 1,22031,4,0.8552,0.1667,5,1.75,7,2.5,0.0417,0.0209
TMCTP 38 - Group 1,22032,4,0.9691,0.2083,9,5.25,21,5,0.0833,0.0521
TMCTP 39 - Group 1,22033,4,0.9466,0.25,4,2.25,9,6,0.125,0.0625
TMCTP 4 - Group 1,22034,4,0.9256,0.2083,6,2.5,10,4,0.0833,0.0417
TMCTP 40 - Group 1,22035,4,0.9129,0.25,4,3,12,6,0.125,0.0625
TMCTP 41 - Group 1,22036,4,0.9705,0.2917,6,2.75,11,7,0.1667,0.0729
TMCTP 42 - Group 1,22037,4,0,0.25,4,2.5,10,2,0.0417,0.0209
TMCTP 43 - Group 1,22038,4,0.6667,0.0833,4,1.5,6,2,0.0417,0.0209
TMCTP 44 - Group 1,22039,4,-0.3333,0.125,3,1.5,6,2,0.0417,0.0104
TMCTP 45 - Group 1,22040,4,0.7953,0.2917,6,3,12,7,0.1667,0.0729
TMCTP 46 - Group 1,22041,4,0,0.2083,5,4,16,4,0.0417,0.0417
TMCTP 47 - Group 1,22042,4,0.8268,0.1667,5,2.25,9,1.5,0.0417,0.0104
TMCTP 48 - Group 1,22043,4,0.8529,0.2083,4,3,12,5,0.0833,0.0521
TMCTP 5 - Group 1,22044,4,0.8667,0.2917,8,5.25,21,6,0.0833,0.0625
TMCTP 6 - Group 1,22045,4,0.8163,0.25,5,3.25,13,5,0.0833,0.0417
TMCTP 7 - Group 1,22046,4,0.0486,0.4167,9,5.25,21,10,0.1667,0.1042
TMCTP 8 - Group 1,22047,4,1,0.1667,6,2,8,4,0.125,0.0417
TMCTP 9 - Group 1,22048,4,0.9258,0.25,5,3,12,6,0.0833,0.0625
TMCTP 2016 1 - Group 1,32001,3,0.6544,0.3333,6,5,15,8,0.1667,0.1111
TMCTP 2016 10 - Group 1,32002,4,0.721,0.2917,8,4.25,17,6,0.1667,0.0625
TMCTP 2016 12 - Group 1,32003,4,0.9845,0.4167,5,2.5,10,8.5,0.1667,0.0938
TMCTP 2016 13 - Group 1,32004,4,0.9894,0.3333,10,3.75,15,7,0.25,0.0729
TMCTP 2016 14 - Group 1,32005,3,1,0.3333,6,2.6667,8,7.5,0.25,0.1111
TMCTP 2016 15 - Group 1,32006,4,0.9584,0.25,7,2.25,9,6,0.25,0.0625
TMCTP 2016 16 - Group 1,32007,4,0.9545,0.2083,5,2.5,10,5,0.125,0.0521
TMCTP 2016 17 - Group 1,32008,4,-0.1601,0.25,7,4.5,18,3,0.0417,0.0313
TMCTP 2016 18 - Group 1,32009,3,0.9942,0.25,11,4,12,6,0.2083,0.0833
TMCTP 2016 19 - Group 1,32010,,0,0.125,3,2,8,0,0,0
TMCTP 2016 2 - Group 1,32011,3,1,0.1667,10,4.6667,14,3,0.125,0.0417
TMCTP 2016 20 - Group 1,32012,4,0.4436,0.1667,5,2.25,9,3,0.125,0.0312
TMCTP 2016 21 - Group 1,32013,4,-0.1072,0.0833,7,2.5,10,1,0.0417,0.0104
TMCTP 2016 22 - Group 1,32014,4,0.9865,0.25,10,3.75,15,6,0.1667,0.0625
TMCTP 2016 23 - Group 1,32015,3,0.7018,0.4167,11,6.6667,20,9.5,0.25,0.1389
TMCTP 2016 24 - Group 1,32016,4,0.2928,0.3333,5,2.75,11,3,0.0417,0.0313
TMCTP 2016 25 - Group 1,32017,4,0.5221,0.25,4,2.5,10,5,0.0833,0.0521
TMCTP 2016 27 - Group 1,32018,4,0.9858,0.1667,6,2.25,9,4,0.125,0.0417
TMCTP 2016 28 - Group 1,32019,3,0.1147,0.2083,5,2.6667,8,2.5,0.0833,0.0278
TMCTP 2016 29 - Group 1,32020,3,1,0.25,6,4,12,6,0.1667,0.0833
TMCTP 2016 3 - Group 1,32021,4,0.9371,0.2917,7,3,12,7,0.1667,0.0729
TMCTP 2016 30 - Group 1,32022,4,0.7746,0.2083,4,2.5,10,5,0.0833,0.0521
TMCTP 2016 31 - Group 1,32023,4,0.3863,0.3333,7,3.75,15,5,0.1667,0.0521
TMCTP 2016 32 - Group 1,32024,4,0.8944,0.25,5,3,12,4,0.0833,0.0417
TMCTP 2016 33 - Group 1,32025,4,0.971,0.2917,12,4.25,17,6,0.1667,0.0625
TMCTP 2016 34 - Group 1,32026,4,-0.4923,0.2083,5,3.75,15,4,0.125,0.0417
TMCTP 2016 35 - Group 1,32027,4,0.614,0.2917,7,2.75,11,7,0.0833,0.0625
TMCTP 2016 36 - Group 1,32028,4,0.4082,0.1667,3,2,8,4,0.0833,0.0416
TMCTP 2016 37 - Group 1,32029,3,0.866,0.2083,8,4,12,5,0.0833,0.0555
TMCTP 2016 38 - Group 1,32030,4,0.8347,0.2083,6,3.5,14,5,0.125,0.0521
TMCTP 2016 39 - Group 1,32031,4,0.9623,0.2083,5,2.5,10,4,0.1667,0.0417
TMCTP 2016 4 - Group 1,32032,4,0.9623,0.25,11,3.5,14,6,0.25,0.0625
TMCTP 2016 40 - Group 1,32033,3,0.9959,0.25,10,3.6667,11,6,0.25,0.0833
TMCTP 2016 41 - Group 1,32034,3,-0.8664,0.2083,4,3.3333,10,3,0.0833,0.0417
TMCTP 2016 42 - Group 1,32035,3,0.9451,0.2917,6,3,9,7,0.125,0.0833
TMCTP 2016 43 - Group 1,32036,3,0.9632,0.2083,7,3.6667,11,4,0.125,0.0556
TMCTP 2016 44 - Group 1,32037,4,0.9327,0.25,6,2.25,9,6,0.125,0.0625
TMCTP 2016 45 - Group 1,32038,4,0.9773,0.4583,15,5.5,22,9.5,0.2917,0.0938
TMCTP 2016 46 - Group 1,32039,3,0.9707,0.375,13,8,24,8.5,0.1667,0.1111
TMCTP 2016 47 - Group 1,32040,2,-1,0.0417,3,2,4,1,0.0417,0.0209
TMCTP 2016 48 - Group 1,32041,4,0.0912,0.125,3,2.25,9,3,0.0833,0.0312
TMCTP 2016 49 - Group 1,32042,4,0.6803,0.375,5,3.5,14,8,0.1667,0.0833
TMCTP 2016 5 - Group 1,32043,4,1,0.2917,5,2.75,11,7,0.1667,0.0729
TMCTP 2016 50 - Group 1,32044,4,0.813,0.2083,9,4.25,17,5,0.125,0.0521
TMCTP 2016 51 - Group 1,32045,4,0.8432,0.2917,8,3.75,15,7,0.1667,0.0729
TMCTP 2016 52 - Group 1,32046,4,0.9292,0.2917,8,3.25,13,6.5,0.25,0.0729
TMCTP 2016 53 - Group 1,32047,3,0.7368,0.25,7,4.3333,13,4,0.125,0.0556
TMCTP 2016 54 - Group 1,32048,4,0.5362,0.3333,7,3.5,14,5,0.125,0.0521
TMCTP 2016 55 - Group 1,32049,4,0.9611,0.1667,7,3.25,13,4,0.0833,0.0416
TMCTP 2016 56 - Group 1,32050,4,0.9351,0.375,6,3.25,13,9,0.2083,0.0833
TMCTP 2016 57 - Group 1,32051,4,0,0.2917,6,2.75,11,4,0.0417,0.0417
TMCTP 2016 58 - Group 1,32052,4,0.5146,0.2917,9,6,24,5,0.125,0.0521
TMCTP 2016 59 - Group 1,32053,4,-0.1391,0.0833,9,3.75,15,1,0.0417,0.0104
TMCTP 2016 6 - Group 1,32054,4,0.9365,0.2083,4,2,8,5,0.125,0.0521
TMCTP 2016 60 - Group 1,32055,4,0.969,0.2083,8,4,16,4,0.125,0.0417
TMCTP 2016 61 - Group 1,32056,4,0.8701,0.2083,4,2.25,9,5,0.0833,0.0521
TMCTP 2016 62 - Group 1,32057,4,0.9346,0.2083,5,2,8,5,0.1667,0.0521
TMCTP 2016 63 - Group 1,32058,4,0.9429,0.2083,8,4.5,18,4,0.125,0.0417
TMCTP 2016 64 - Group 1,32059,4,0.8312,0.2917,7,3.25,13,7,0.125,0.0729
TMCTP 2016 65 - Group 1,32060,4,0.3273,0.375,7,3.75,15,4,0.0833,0.0417
TMCTP 2016 66 - Group 1,32061,4,0.5815,0.3333,6,4.25,17,6,0.125,0.0521
TMCTP 2016 67 - Group 1,32062,4,0.9486,0.25,5,3,12,6,0.125,0.0625
TMCTP 2016 68 - Group 1,32063,4,0.9081,0.25,7,2.75,11,6,0.125,0.0625
TMCTP 2016 69 - Group 1,32064,4,0.6765,0.2083,6,3.75,15,4,0.1667,0.0417
TMCTP 2016 7 - Group 1,32065,4,0.9836,0.5,8,4.75,19,9.5,0.25,0.1042
TMCTP 2016 70 - Group 1,32066,4,0.4923,0.1667,3,2,8,3,0.0833,0.0312
TMCTP 2016 71 - Group 1,32067,4,0.4574,0.2083,7,4,16,5,0.1667,0.0521
TMCTP 2016 72 - Group 1,32068,4,-0.1741,0.1667,3,2.25,9,1,0.0417,0.0104
TMCTP 2016 73 - Group 1,32069,4,0.9509,0.2083,9,3.25,13,3,0.125,0.0312
TMCTP 2016 74 - Group 1,32070,4,0.8163,0.375,7,3.5,14,6,0.0833,0.0417
TMCTP 2016 75 - Group 1,32071,4,0.9968,0.2917,13,4.25,17,4.5,0.2083,0.0521
TMCTP 2016 76 - Group 1,32072,4,0.5774,0.2083,2,1.5,6,5,0.0833,0.0521
TMCTP 2016 77 - Group 1,32073,4,1,0.125,6,1.5,6,2,0.0833,0.0208
TMCTP 2016 78 - Group 1,32074,4,0.9043,0.2917,4,3.5,14,7,0.125,0.0729
TMCTP 2016 79 - Group 1,32075,4,0.7778,0.25,4,2.75,11,6,0.0833,0.0625
TMCTP 2016 8 - Group 1,32076,4,0.757,0.375,6,4.75,19,8,0.2083,0.0833
TMCTP 2016 80 - Group 1,32077,4,0.3375,0.25,5,2.75,11,5,0.1667,0.0521
TMCTP 2016 9 - Group 1,32078,2,1,0.2083,11,7,14,3,0.0833,0.0625
TMCTP2017_Team1_C - Group 1,33001,4,0.8048,0.3333,5,3.5,14,7,0.0833,0.0521
TMCTP2017_Team11_C - Group 1,33002,4,0.802,0.375,8,4.5,18,8,0.1667,0.0833
TMCTP2017_Team13_C - Group 1,33003,4,0.6483,0.1667,4,2.25,9,4,0.0833,0.0417
TMCTP2017_Team15_C - Group 1,33004,3,0.9976,0.3333,13,4.6667,14,6,0.25,0.0833
TMCTP2017_Team17_C - Group 1,33005,2,1,0.375,13,9,18,9,0.25,0.1875
TMCTP2017_Team19_C - Group 1,33006,3,0.9927,0.1667,9,3.6667,11,4,0.125,0.0556
TMCTP2017_Team21_C - Group 1,33007,4,0.9985,0.3333,10,4.25,17,7,0.1667,0.0729
TMCTP2017_Team23_C - Group 1,33008,4,0.9398,0.2083,8,3.25,13,4.5,0.125,0.0521
TMCTP2017_Team25_C - Group 1,33009,4,0.9272,0.125,3,1.75,7,3,0.0417,0.0313
TMCTP2017_Team27_C - Group 1,33010,4,0.9864,0.3333,10,3.25,13,8,0.25,0.0729
TMCTP2017_Team29_C - Group 1,33011,4,0.9701,0.1667,5,2.5,10,2,0.0417,0.0209
TMCTP2017_Team3_C - Group 1,33012,4,0.9946,0.375,8,4.75,19,7.5,0.125,0.0729
TMCTP2017_Team31_C - Group 1,33013,4,0.6377,0.2083,5,2.75,11,4,0.125,0.0417
TMCTP2017_Team33_C - Group 1,33014,4,-0.7071,0.2083,4,3,12,4.5,0.0833,0.0417
TMCTP2017_Team35_C - Group 1,33015,,0,0,1,0.3333,1,0,0,0
TMCTP2017_Team37_C - Group 1,33016,4,0.3155,0.2083,4,2.5,10,4,0.0833,0.0417
TMCTP2017_Team39_C - Group 1,33017,3,0.5,0.125,3,2,6,2,0.0417,0.0139
TMCTP2017_Team41_C - Group 1,33018,3,0.9606,0.125,4,1.6667,5,3,0.0833,0.0417
TMCTP2017_Team43_C - Group 1,33019,4,0.9512,0.2083,6,2.5,10,5,0.125,0.0521
TMCTP2017_Team45_C - Group 1,33020,3,-0.4997,0.2083,6,4.6667,14,5,0.125,0.0694
TMCTP2017_Team47_C - Group 1,33021,4,0.9209,0.25,5,3.25,13,4.5,0.0833,0.0417
TMCTP2017_Team49_C - Group 1,33022,4,0.7333,0.125,6,2.75,11,3,0.0417,0.0313
TMCTP2017_Team5_C - Group 1,33023,4,0.9802,0.2917,17,5,20,6,0.2083,0.0625
TMCTP2017_Team51_C - Group 1,33024,4,0.8374,0.2083,7,2.75,11,4,0.125,0.0417
TMCTP2017_Team53_C - Group 1,33025,4,0.6602,0.25,9,4.75,19,5.5,0.2083,0.0625
TMCTP2017_Team55_C - Group 1,33026,3,0.8662,0.1667,5,3,9,4,0.125,0.0556
TMCTP2017_Team57_C - Group 1,33027,4,0.9864,0.1667,6,1.75,7,4,0.1667,0.0417
TMCTP2017_Team59_C - Group 1,33028,3,0.9707,0.2083,10,4,12,5,0.1667,0.0695
TMCTP2017_Team61_C - Group 1,33029,4,0.6831,0.2083,5,3.25,13,5,0.0833,0.0521
TMCTP2017_Team63_C - Group 1,33030,4,0.8729,0.1667,6,3.5,14,4,0.0833,0.0416
TMCTP2017_Team65_C - Group 1,33031,4,0.5774,0.25,4,2.5,10,4,0.0833,0.0416
TMCTP2017_Team67_C - Group 1,33032,4,0.7605,0.4167,6,4.5,18,9,0.1667,0.0938
TMCTP2017_Team69_C - Group 1,33033,4,0.8116,0.25,10,4.75,19,4,0.125,0.0417
TMCTP2017_Team7_C - Group 1,33034,3,0.9972,0.2083,12,4.3333,13,5,0.2083,0.0694
TMCTP2017_Team71_C - Group 1,33035,4,0.5774,0.2917,3,2.5,10,7,0.0833,0.0729
TMCTP2017_Team73_C - Group 1,33036,4,0.9618,0.2917,15,5.5,22,7,0.25,0.0729
TMCTP2017_Team75_C - Group 1,33037,3,1,0.0417,1,0.3333,1,1,0.0417,0.0139
TMCTP2017_Team77_C - Group 1,33038,4,0.9916,0.375,11,4.25,17,5,0.125,0.0417
TMCTP2017_Team79_C - Group 1,33039,3,0.5,0.25,7,5.3333,16,5,0.0833,0.0278
TMCTP2017_Team81_C - Group 1,33040,4,0.5282,0.2917,7,4.25,17,4,0.0833,0.0417
TMCTP2017_Team83_C - Group 1,33041,3,0.9843,0.1667,6,2.3333,7,4,0.125,0.0556
TMCTP2017_Team85_C - Group 1,33042,4,0.987,0.2917,7,3.5,14,7,0.125,0.0729
TMCTP2017_Team87_C - Group 1,33043,4,0.9327,0.3333,6,3.75,15,6,0.125,0.0625
TMCTP2017_Team89_C - Group 1,33044,4,0.9913,0.2917,8,2.75,11,5,0.1667,0.0521
TMCTP2017_Team9_C - Group 1,33045,4,0.9733,0.1667,13,4,16,3,0.125,0.0312
Tilburg S1 T3 - Group 1,23003,4,0.9169,0.4583,8,4.75,19,10,0.125,0.0937
Tilburg S1 T4 - Group 1,23004,5,0.6269,0.3333,11,4.8,24,7,0.1667,0.0583
Tilburg S1 T5 - Group 1,23005,5,0.8849,0.2083,4,2.4,12,3.5,0.0833,0.025
Tilburg S2 T10 - Group 1,23007,5,0.3953,0.2083,6,2,10,1.5,0.0417,0.0083
Tilburg S2 T11 - Group 1,23008,5,0.5991,0.2917,7,3.8,19,5,0.0833,0.0417
Tilburg S2 T12 - Group 1,23009,4,0.9239,0.3333,8,3.5,14,8,0.25,0.0833
Tilburg S2 T13 - Group 1,23010,5,0.4881,0.4167,7,5.4,27,10,0.1667,0.0833
Tilburg S2 T14 Try 2 - Group 1,23011,4,0.9685,0.25,7,3.25,13,5,0.1667,0.0521
Tilburg S2 T9 - Group 1,23012,5,0.448,0.2083,4,2,10,3.5,0.0833,0.025
Tilburg S3 T17  - Group 1,23013,5,0.0002,0.2083,5,2.4,12,5,0.0833,0.0417
Tilburg S3 T18 - Group 1,23014,5,0.3935,0.25,6,3.4,17,5,0.125,0.0417
Tilburg S3 T19 - Group 1,23015,5,0.6077,0.2083,7,3.4,17,5,0.0833,0.0417
Tilburg S3 T20 - Group 1,23016,5,0.7907,0.25,4,2.4,12,6,0.125,0.0417
Tilburg S3 T21 - Group 1,23017,5,0.3108,0.25,6,2.8,14,5,0.0833,0.0417
Tilburg S3 T22 - Group 1,23018,5,0.9219,0.5,10,3.8,19,9.5,0.2083,0.075
Tilburg S3 T23 - Group 1,23019,5,0.9518,0.2917,7,3.6,18,7,0.125,0.0583
Tilburg S4 T25 - Group 1,23020,5,0.6058,0.2917,13,3.6,18,6,0.125,0.05
Tilburg S4 T26 - Group 1,23021,5,0.9467,0.1667,7,2.2,11,3,0.0833,0.025
Tilburg S4 T27 - Group 1,23022,5,0.9448,0.25,4,2,10,6,0.0833,0.05
Tilburg S4 T28 - Group 1,23023,5,0.8024,0.25,4,2.4,12,6,0.125,0.05
Tilburg S4 T29 - Group 1,23024,5,0.6985,0.25,7,3.4,17,2,0.0833,0.0167
Tilburg S4 T30 - Group 1,23025,5,0.8001,0.3333,7,4.4,22,6,0.0833,0.05
Tilburg S4 T31 4person - Group 1,23026,4,0.341,0.2917,10,5.25,21,4.5,0.0833,0.0417
Tilburg S4 T32 3 person - Group 1,23027,3,0.866,0.0833,4,2,6,2,0.0833,0.0278
Tilburg Spare - Group 1,23028,6,0.3266,0.375,5,2.8333,17,7.5,0.0833,0.0417
Tilburg T24 4person - Group 1,23029,4,0.2161,0.2083,6,3.25,13,4,0.0833,0.0417
USC Short 1 Group 01 - Group 1,25001,4,0.8213,0.25,7,3.75,15,6,0.125,0.0625
USC Short 1 Group 02 - Group 2,25002,4,-0.7071,0.25,4,3,12,6,0.0833,0.0625
USC Short 1 Group 03 - Group 3,25003,4,0.9927,0.375,8,3.75,15,8,0.1667,0.0833
USC Short 1 Group 04 - Group 4,25004,4,0.9934,0.5417,11,6.75,27,12,0.2083,0.125
USC Short 1 Group 06 - Group 6,25006,5,0.9584,0.3333,5,2.4,12,8,0.1667,0.0667
USC Short 1 Group 07 - Group 7,25007,5,0.6328,0.5,7,4,20,10.5,0.1667,0.0917
USC Short 1 Group 08 - Group 8,25008,3,0.9608,0.2917,8,4,12,5,0.1667,0.0695
USC Short 1 Group 09 - Group 9,25009,5,0.9927,0.25,8,2.6,13,5.5,0.1667,0.05
USC Short 1 Group 10 - Group 10,25010,4,0.8418,0.2083,6,3.25,13,5,0.125,0.0521
USC Short 1 Group 11 - Group 11,25011,3,1,0.3333,14,4.6667,14,7,0.2917,0.0972
USC Short 1 Group 12 - Group 12,25012,5,0.9656,0.3333,8,2.6,13,7,0.1667,0.0584
USC Short 1 Group 13 - Group 13,25013,4,0.6882,0.25,4,2.25,9,5.5,0.0833,0.0625
USC Short 1 Group 14 - Group 14,25014,5,0.9127,0.25,6,2.8,14,5,0.125,0.0417
USC Short 1 Group 15 - Group 15,25015,4,0.7368,0.3333,7,4.25,17,8,0.125,0.0833
USC Short 1 Group 16 - Group 16,25016,4,0.9726,0.2083,25,6.75,27,5,0.1667,0.0521
USC Short 1 Group 17 - Group 17,25017,3,0.9449,0.2917,7,4.3333,13,5.5,0.0833,0.0694
USC Short 1 Group 18 - Group 18,25018,5,0.7639,0.4583,7,3.6,18,8.5,0.1667,0.075
USC Short 1 Group 19 - Group 19,25019,4,0.3333,0.25,6,3.5,14,6,0.0833,0.0625
USC Short 1 Group 20 - Group 20,25020,5,0.7946,0.2083,5,2.4,12,5,0.125,0.0333
USC Short 1 Group 21 - Group 21,25021,5,1,0.5,19,3.8,19,8.5,0.375,0.075
USC Short 1 Group 22 - Group 22,25022,5,0.7261,0.3333,6,3.2,16,6,0.0833,0.05
USC Short 1 Group 23 - Group 23,25023,4,0.5724,0.3333,5,3,12,6.5,0.125,0.0729
USC Short 1 Group 24 - Group 24,25024,4,0.9459,0.4583,9,4,16,9,0.2083,0.0938
USC Short 1 Group 25 - Group 25,25025,5,0.9288,0.375,7,2.8,14,8.5,0.25,0.075
USC Short 1 Group 26 - Group 26,25026,4,0.683,0.4167,9,4,16,8,0.1667,0.0833
USC Short 1 Group 27 - Group 27,25027,5,0.9735,0.3333,10,3.6,18,7.5,0.2083,0.0667
USC Short 1 Group 28 - Group 28,25028,3,0.982,0.25,5,3,9,6,0.125,0.0833
USC Short 1 Group 29 - Group 29,25029,4,0.9025,0.3333,9,5.25,21,8,0.1667,0.0834
USC Short 1 Group 30 - Group 30,25030,5,-0.1145,0.2917,6,3,15,7,0.125,0.05
USC Short 1 Group 31 - Group 31,25031,4,0.6883,0.3333,3,2.5,10,7,0.125,0.0729
USC Short 1 Group 32 - Group 32,25032,5,0.9701,0.4583,13,3.8,19,10.5,0.2917,0.0833
USC Short 1 Group 33 - Group 33,25033,5,0.9302,0.2083,6,2.8,14,5,0.0833,0.0417
USC Short 1 Group 34 - Group 34,25034,4,0.9409,0.375,9,4.5,18,7,0.2083,0.0729
USC Short 1 Group 35 - Group 35,25035,4,0.9273,0.2917,6,2.75,11,7,0.125,0.0729
USC Short 1 Group 36 - Group 36,25036,5,0.6271,0.4167,8,4.4,22,8.5,0.125,0.075
USC Short 1 Group 37 - Group 37,25037,3,0.9986,0.25,9,4.3333,13,6,0.2083,0.0833
USC Short 1 Group 38 - Group 38,25038,5,0.8087,0.3333,10,3.8,19,5.5,0.0833,0.05
USC Short 1 Group 39 - Group 39,25039,5,0.6878,0.375,6,3.2,16,7.5,0.125,0.0667
USC Short 1 Group 40 - Group 40,25040,4,0.7072,0.2917,5,3,12,5.5,0.1667,0.0625
USC Short 1 Group 41 - Group 41,25041,4,0.9183,0.375,10,4.5,18,7.5,0.2083,0.0833
USC Short 1 Group 42 - Group 42,25042,3,1,0.4167,13,4.3333,13,8.5,0.375,0.125
USC Short 1 Group 43 - Group 43,25043,3,0.8029,0.4167,7,5.3333,16,8,0.2083,0.0972
XVal Session 10 - Group 1,1001,4,0.9169,0.1667,5,1.75,7,2.5,0.125,0.0312
XVal Session 11 - Group 1,1002,3,0.9286,0.25,9,5.3333,16,4,0.0833,0.0555
XVal Session 14 - Group 1,1003,4,0.8869,0.1667,4,2.25,9,3,0.0833,0.0312
XVal Session 16 - Group 1,1004,4,0.8529,0.2083,3,2,8,5,0.0833,0.0521
XVal Session 17 - Group 1,1005,4,0.4834,0.2917,8,4.25,17,4,0.0833,0.0416
XVal Session 19 - Group 1,1006,4,0.969,0.5833,14,4.5,18,10,0.2917,0.0938
XVal Session 20 - Group 1,1007,4,0.9235,0.2083,3,1.5,6,5,0.125,0.0521
XVal Session 21 - Group 1,1008,4,0.9685,0.2917,8,2.5,10,6,0.25,0.0625
XVal Session 23 - Group 1,1009,4,0.9945,0.125,5,1.75,7,3,0.0833,0.0312
XVal Session 24 - Group 1,1010,4,-0.5227,0.4167,12,7,28,4,0.0833,0.0417
XVal Session 25 - Group 1,1011,4,0.9911,0.2917,8,3.75,15,6.5,0.2083,0.0729
XVal Session 26 - Group 1,1012,4,0.9908,0.2917,8,3.5,14,6.5,0.2083,0.0625
XVal Session 27 - Group 1,1013,4,0.8615,0.3333,7,4.5,18,7.5,0.1667,0.0833
XVal Session 28 - Group 1,1014,4,0.9801,0.2083,7,2,8,4,0.125,0.0417
XVal Session 29 - Group 1,1015,3,1,0.2083,7,2.3333,7,4,0.1667,0.0556
XVal Session 31 - Group 1,1016,4,0.3015,0.125,2,1.25,5,2,0.0417,0.0209
XVal Session 32 - Group 1,1017,3,0.982,0.375,6,4,12,7,0.125,0.0972
XVal Session 33 - Group 1,1018,3,1,0.2917,14,4.6667,14,5,0.2083,0.0694
XVal Session 34 - Group 1,1019,4,0.9874,0.375,11,3.25,13,7.5,0.25,0.0833
XVal Session 35 - Group 1,1020,4,0.982,0.2083,5,2,8,4,0.125,0.0417
XVal Session 36 - Group 1,1021,4,0.9739,0.25,8,2.75,11,5,0.2083,0.0521
XVal Session 37 - Group 1,1022,4,0.9732,0.3333,14,5,20,7.5,0.25,0.0833
XVal Session 38 - Group 1,1023,4,0.1847,0.2083,7,3.75,15,4,0.0833,0.0417
XVal Session 39 - Group 1,1024,4,0.5611,0.2083,4,2.25,9,5,0.0833,0.0521
XVal Session 40 - Group 1,1025,4,0.9038,0.3333,8,3.75,15,7,0.125,0.0729
XVal Session 41 - Group 1,1026,4,0.9045,0.125,4,1.5,6,2,0.0417,0.0209
XVal Session 43 - Group 1,1027,4,0.9945,0.4167,16,5,20,10,0.2917,0.1042
XVal Session 44 - Group 1,1028,4,0.9169,0.25,5,1.75,7,5,0.2083,0.0521
XVal Session 45 - Group 1,1029,4,0.7725,0.3333,7,4.25,17,7,0.1667,0.0729
XVal Session 46 - Group 1,1030,4,0.9505,0.2917,6,3.25,13,7,0.125,0.0729
XVal Session 47 - Group 1,1031,4,-0.5556,0.4167,6,4.75,19,10,0.125,0.1042
XVal Session 48 - Group 1,1032,4,0.9847,0.25,7,2.75,11,4,0.125,0.0417
XVal Session 49 - Group 1,1033,4,0,0.2083,3,2,8,4,0.0417,0.0417
XVal Session 5 - Group 1,1034,4,0.9687,0.375,10,4,16,8,0.25,0.0834
XVal Session 50 - Group 1,1035,4,0.667,0.1667,6,3.25,13,3,0.0833,0.0312
XVal Session 51 - Group 1,1036,4,0.8867,0.25,5,2.25,9,5.5,0.1667,0.0625
XVal Session 52 - Group 1,1037,4,0.9802,0.4167,10,3,12,7.5,0.3333,0.0833
XVal Session 53 - Group 1,1038,4,0.3019,0.2917,5,3.5,14,6,0.0833,0.0521
XVal Session 55 - Group 1,1039,4,0.1845,0.25,5,3.25,13,3,0.0833,0.0312
XVal Session 56 - Group 1,1040,4,0.075,0.25,11,5,20,5,0.1667,0.0521
XVal Session 57 - Group 1,1041,4,0.8319,0.2917,6,2.5,10,5,0.1667,0.0521
XVal Session 58 - Group 1,1042,4,0.9381,0.2917,9,3.25,13,7,0.2083,0.0729
XVal Session 59 - Group 1,1043,4,0.6368,0.1667,6,2.25,9,3,0.0833,0.0312
XVal Session 6 - Group 1,1044,4,0.9977,0.4583,11,3.75,15,9.5,0.2917,0.1042
XVal Session 60 - Group 1,1045,4,0.6137,0.25,7,4,16,5,0.1667,0.0521
XVal Session 61 - Group 1,1046,4,0.6667,0.1667,4,2.5,10,3,0.0417,0.0209
XVal Session 63 - Group 1,1047,4,0.8663,0.2083,4,1.75,7,5,0.0833,0.0521
XVal Session 64 - Group 1,1048,4,0.9754,0.2917,6,2,8,5,0.1667,0.0521
XVal Session 65 - Group 1,1049,4,0.6247,0.3333,10,4.75,19,7.5,0.1667,0.0833
XVal Session 66 - Group 1,1050,4,0.9731,0.3333,7,2.5,10,7.5,0.1667,0.0729
XVal Session 67 - Group 1,1051,4,1,0.2083,6,2,8,4,0.125,0.0417
XVal Session 68 - Group 1,1052,4,0.5006,0.25,3,2,8,4,0.0833,0.0417
XVal Session 69 - Group 1,1053,4,0.9995,0.4583,27,7.5,30,8,0.2917,0.0834
XVal Session 70 - Group 1,1054,4,0.9827,0.25,4,1.75,7,6,0.125,0.0625
XVal Session 72 - Group 1,1055,4,0.8055,0.125,5,2,8,3,0.0833,0.0312
XVal Session 73 - Group 1,1056,4,0.9525,0.3333,4,2.5,10,8,0.125,0.0833
XVal Session 74 - Group 1,1057,4,0.9931,0.375,9,3.25,13,8,0.25,0.0833
XVal Session 75 - Group 1,1058,4,0.8167,0.1667,6,3,12,4,0.125,0.0417
XVal Session 77 - Group 1,1059,3,1,0.2083,6,2,6,4,0.1667,0.0556
XVal Session 79 - Group 1,1060,4,0.9971,0.25,8,3.5,14,5,0.125,0.0521
XVal Session 80 - Group 1,1061,4,0.9971,0.4167,14,4.75,19,8.5,0.2917,0.0938
XVal Session 81 - Group 1,1062,4,0.6289,0.3333,5,3.25,13,8,0.1667,0.0834
XVal Session 83 - Group 1,1063,4,0.9866,0.2917,11,3,12,5,0.1667,0.0521
XVal Session 84 - Group 1,1064,4,1,0.0417,3,0.75,3,1,0.0417,0.0104
XVal Session 85 - Group 1,1065,4,0.9669,0.125,5,2,8,3,0.0833,0.0312
XVal Session 86 - Group 1,1066,4,0.9942,0.25,4,2.25,9,6,0.1667,0.0625
XVal Session 87 - Group 1,1067,4,0.9428,0.0833,3,1,4,2,0.0833,0.0208
XVal Session 9 - Group 1,1068,3,0.8912,0.1667,4,2.3333,7,4,0.125,0.0556